Order Date,Sales,IsHoliday
2015-01-03,16.448,0
2015-01-04,288.06,0
2015-01-05,19.536,0
2015-01-06,4407.1,0
2015-01-07,87.15799999999999,0
2015-01-09,40.544,0
2015-01-10,54.83,0
2015-01-11,9.94,0
2015-01-13,3553.795,0
2015-01-14,61.96,0
2015-01-15,149.95,0
2015-01-16,299.964,0
2015-01-18,64.864,0
2015-01-19,378.594,0
2015-01-20,2673.87,0
2015-01-23,40.08,0
2015-01-26,1097.25,0
2015-01-27,426.67,0
2015-01-28,3.928,0
2015-01-30,240.5,0
2015-01-31,290.666,0
2015-02-01,468.9,0
2015-02-02,211.64600000000002,0
2015-02-03,97.11200000000001,0
2015-02-04,134.38400000000001,0
2015-02-06,330.512,0
2015-02-07,180.32,0
2015-02-08,14.56,0
2015-02-11,2043.4,0
2015-02-12,129.568,0
2015-02-14,576.726,0
2015-02-15,21.36,0
2015-02-16,9.04,0
2015-02-17,54.208,0
2015-02-18,37.784,0
2015-02-20,95.59,0
2015-02-21,8.85,0
2015-02-22,19.44,0
2015-02-23,11.364,0
2015-02-24,55.672,0
2015-02-27,19.456,0
2015-03-01,2203.151,0
2015-03-02,47.76,0
2015-03-03,1345.8919999999998,0
2015-03-04,370.452,0
2015-03-05,705.562,0
2015-03-07,1561.062,0
2015-03-10,741.956,0
2015-03-11,918.314,0
2015-03-14,2108.55,0
2015-03-15,370.78200000000004,0
2015-03-16,471.92,0
2015-03-17,3960.358,0
2015-03-18,28106.716,0
2015-03-19,590.762,0
2015-03-21,4109.816,0
2015-03-22,464.09299999999996,0
2015-03-23,945.064,0
2015-03-24,65.38,0
2015-03-25,459.146,0
2015-03-26,145.13,0
2015-03-28,1493.216,0
2015-03-29,890.841,0
2015-03-30,1170.3220000000001,0
2015-03-31,1959.552,0
2015-04-01,119.88799999999999,0
2015-04-02,1458.558,0
2015-04-04,475.844,0
2015-04-05,5179.738,0
2015-04-06,1650.69,0
2015-04-07,1021.1700000000001,0
2015-04-08,1958.75,0
2015-04-11,1915.24,0
2015-04-12,1872.443,0
2015-04-13,638.576,0
2015-04-15,294.71999999999997,0
2015-04-16,39.072,0
2015-04-18,1020.532,0
2015-04-19,205.47,0
2015-04-20,1250.45,0
2015-04-21,845.36,0
2015-04-22,257.752,0
2015-04-23,643.98,0
2015-04-25,2379.9939999999997,0
2015-04-26,282.568,0
2015-04-28,2578.476,0
2015-04-29,768.8439999999999,0
2015-04-30,1048.74,0
2015-05-02,506.12,0
2015-05-03,72.632,0
2015-05-04,187.43200000000002,0
2015-05-05,260.977,0
2015-05-06,254.456,0
2015-05-07,1091.35,0
2015-05-08,1799.97,0
2015-05-09,394.48,0
2015-05-10,2343.799,0
2015-05-11,1642.802,0
2015-05-12,734.846,0
2015-05-13,898.382,0
2015-05-14,310.88,0
2015-05-16,289.28,0
2015-05-17,91.68,0
2015-05-18,944.964,0
2015-05-19,91.62,0
2015-05-20,320.10400000000004,0
2015-05-21,4264.3279999999995,0
2015-05-22,180.93,0
2015-05-23,323.75800000000004,0
2015-05-24,116.28,0
2015-05-25,119.53999999999999,0
2015-05-26,1325.718,0
2015-05-27,2157.394,0
2015-05-28,221.96800000000002,0
2015-05-30,1924.913,0
2015-05-31,773.7,0
2015-06-01,5188.5199999999995,0
2015-06-02,738.598,0
2015-06-03,531.16,0
2015-06-04,456.272,0
2015-06-06,1374.0010000000002,0
2015-06-07,281.397,0
2015-06-08,2501.264,0
2015-06-09,5463.008,0
2015-06-10,491.55,0
2015-06-13,14.52,0
2015-06-14,212.94,0
2015-06-15,942.9739999999999,0
2015-06-16,763.792,0
2015-06-17,3356.4860000000003,0
2015-06-18,139.8,0
2015-06-20,1828.9496,0
2015-06-21,4107.443,0
2015-06-22,1975.498,0
2015-06-23,109.49600000000001,0
2015-06-24,4.272,0
2015-06-25,792.76,0
2015-06-27,616.14,0
2015-06-28,1645.791,0
2015-06-29,46.68,0
2015-06-30,739.624,0
2015-07-01,601.0239999999999,0
2015-07-02,79.56,0
2015-07-04,247.40800000000002,0
2015-07-05,1444.104,0
2015-07-06,1038.472,0
2015-07-07,241.19400000000002,0
2015-07-08,763.0740000000001,0
2015-07-09,265.521,0
2015-07-11,2022.356,0
2015-07-12,1960.012,0
2015-07-13,351.216,0
2015-07-14,292.594,0
2015-07-15,9.51,0
2015-07-18,273.04,0
2015-07-19,461.326,0
2015-07-20,2285.786,0
2015-07-21,1961.482,0
2015-07-22,1348.344,0
2015-07-23,2613.1839999999997,0
2015-07-25,8341.289999999999,0
2015-07-26,5039.994,0
2015-07-27,580.06,0
2015-07-28,193.152,0
2015-07-30,1367.84,0
2015-08-01,228.328,0
2015-08-02,886.28,0
2015-08-03,477.994,0
2015-08-04,2743.154,0
2015-08-05,2408.7239999999997,0
2015-08-06,262.89,0
2015-08-08,3955.629,0
2015-08-09,3605.6850000000004,0
2015-08-11,451.62,0
2015-08-12,1545.73,0
2015-08-15,337.5,0
2015-08-16,853.092,0
2015-08-17,500.342,0
2015-08-19,1439.106,0
2015-08-20,1838.722,0
2015-08-22,23.104,0
2015-08-23,565.224,0
2015-08-24,59.74,0
2015-08-25,1451.6499999999999,0
2015-08-26,366.81,0
2015-08-27,2070.13,0
2015-08-29,832.3225,0
2015-08-30,121.24,0
2015-08-31,92.52,0
2015-09-01,469.436,0
2015-09-02,3254.15,0
2015-09-03,22.08,0
2015-09-05,296.304,0
2015-09-06,100.36,0
2015-09-07,3523.875,0
2015-09-08,14228.428,0
2015-09-09,4043.5879999999997,0
2015-09-10,1855.2279999999998,0
2015-09-11,127.95,0
2015-09-12,4904.66,0
2015-09-13,1275.408,0
2015-09-14,5023.716,0
2015-09-15,133.436,0
2015-09-16,33.552,0
2015-09-17,820.523,0
2015-09-19,9338.637,0
2015-09-20,5335.968000000001,0
2015-09-21,2679.652,0
2015-09-22,1240.266,0
2015-09-23,10662.337000000001,0
2015-09-24,211.96,0
2015-09-25,354.88880000000006,0
2015-09-26,1326.79,0
2015-09-27,773.4399999999999,0
2015-09-28,490.29200000000003,0
2015-09-29,8109.07,0
2015-09-30,987.532,0
2015-10-01,4.71,0
2015-10-02,598.144,0
2015-10-03,862.683,0
2015-10-04,728.7479999999999,0
2015-10-05,191.9,0
2015-10-06,494.71,0
2015-10-07,237.35999999999999,0
2015-10-08,147.392,0
2015-10-09,249.35999999999999,0
2015-10-10,2049.386,0
2015-10-11,1381.164,0
2015-10-12,58.53,0
2015-10-13,2212.182,0
2015-10-14,4525.484,0
2015-10-15,206.72400000000002,0
2015-10-16,194.322,0
2015-10-17,136.068,0
2015-10-18,3134.916,0
2015-10-19,641.104,0
2015-10-20,1501.104,0
2015-10-21,1356.602,0
2015-10-22,223.808,0
2015-10-24,56.49,0
2015-10-25,103.882,0
2015-10-26,447.88,0
2015-10-27,22.32,0
2015-10-28,1510.5819999999999,0
2015-10-29,2813.8120000000004,0
2015-10-31,5362.026,0
2015-11-01,4637.816,0
2015-11-02,2126.37,0
2015-11-03,2784.163,0
2015-11-04,6693.7480000000005,0
2015-11-05,1694.564,0
2015-11-07,1302.454,0
2015-11-08,333.576,0
2015-11-09,1574.094,0
2015-11-10,2002.556,0
2015-11-11,7836.978,0
2015-11-12,901.6492,0
2015-11-14,1034.73,0
2015-11-15,1780.822,0
2015-11-16,1355.9285,0
2015-11-17,11544.274,0
2015-11-18,3406.855,0
2015-11-19,7226.086,0
2015-11-20,907.5600000000001,0
2015-11-21,1249.622,0
2015-11-22,1103.298,0
2015-11-23,1363.28,0
2015-11-24,5572.864,0
2015-11-25,4415.695,0
2015-11-26,1705.99,0
2015-11-27,203.66,0
2015-11-28,2280.83,0
2015-11-29,649.044,0
2015-11-30,219.154,0
2015-12-01,5624.39,1
2015-12-02,1771.808,1
2015-12-03,505.88,1
2015-12-04,129.98,1
2015-12-05,2963.642,1
2015-12-06,1970.978,1
2015-12-07,548.4,1
2015-12-08,1095.12,1
2015-12-09,1522.652,1
2015-12-10,573.336,1
2015-12-12,4938.4045,1
2015-12-13,293.152,1
2015-12-14,7641.658,1
2015-12-15,1264.466,1
2015-12-16,4065.5950000000003,1
2015-12-17,45.534,1
2015-12-19,3436.7599999999998,1
2015-12-20,6962.4400000000005,1
2015-12-21,1933.44,1
2015-12-22,798.968,1
2015-12-23,942.108,1
2015-12-24,1950.202,1
2015-12-26,2041.414,1
2015-12-27,2966.388,1
2015-12-28,2682.326,1
2015-12-29,2072.096,1
2015-12-30,2172.6510000000003,1
2015-12-31,5253.2699999999995,1
2016-01-02,1932.096,0
2016-01-03,1768.2215999999999,0
2016-01-04,264.46000000000004,0
2016-01-05,295.272,0
2016-01-06,31.538,0
2016-01-09,364.07,0
2016-01-10,1018.104,0
2016-01-12,747.496,0
2016-01-13,622.278,0
2016-01-17,350.384,0
2016-01-19,301.742,0
2016-01-23,43.66,0
2016-01-24,13.12,0
2016-01-26,182.72,0
2016-01-27,3573.252,0
2016-01-28,4297.644,0
2016-01-30,2161.6400000000003,0
2016-01-31,99.26,0
2016-02-03,492.836,0
2016-02-06,2432.544,0
2016-02-07,324.10999999999996,0
2016-02-08,129.09199999999998,0
2016-02-09,785.5519999999999,0
2016-02-10,77.24,0
2016-02-14,1079.962,0
2016-02-15,1602.38,0
2016-02-16,160.43,0
2016-02-18,105.844,0
2016-02-20,316.78000000000003,0
2016-02-21,2591.1,0
2016-02-22,79.36,0
2016-02-23,37.775999999999996,0
2016-02-25,25.869999999999997,0
2016-02-27,1159.2710000000002,0
2016-02-28,551.264,0
2016-03-01,1642.1743999999999,0
2016-03-02,899.5699999999999,0
2016-03-05,1969.267,0
2016-03-06,1555.244,0
2016-03-07,807.54,0
2016-03-08,2563.2960000000003,0
2016-03-09,478.008,0
2016-03-10,90.93199999999999,0
2016-03-12,51.016000000000005,0
2016-03-13,1384.856,0
2016-03-14,707.9000000000001,0
2016-03-15,16.776,0
2016-03-16,7230.209999999999,0
2016-03-17,48.84,0
2016-03-19,5203.89,0
2016-03-20,102.52000000000001,0
2016-03-21,1270.3790000000001,0
2016-03-22,2481.424,0
2016-03-23,633.302,0
2016-03-24,412.95,0
2016-03-26,131.16,0
2016-03-27,83.7,0
2016-03-28,243.344,0
2016-03-29,1559.0800000000002,0
2016-03-30,571.224,0
2016-03-31,200.716,0
2016-04-02,299.22,0
2016-04-04,1484.598,0
2016-04-05,2974.058,0
2016-04-06,140.004,0
2016-04-07,907.436,0
2016-04-09,757.992,0
2016-04-10,169.54199999999997,0
2016-04-11,1328.346,0
2016-04-13,3192.6780000000003,0
2016-04-14,35.208,0
2016-04-16,4161.972,0
2016-04-17,2745.106,0
2016-04-18,2006.96,0
2016-04-19,329.96,0
2016-04-20,1194.726,0
2016-04-21,893.0899999999999,0
2016-04-22,152.916,0
2016-04-24,25.99,0
2016-04-25,920.946,0
2016-04-26,2090.1055,0
2016-04-27,2719.59,0
2016-04-28,4044.3619999999996,0
2016-04-29,7.968,0
2016-04-30,1571.695,0
2016-05-01,450.94,0
2016-05-02,167.232,0
2016-05-03,2198.76,0
2016-05-04,1121.362,0
2016-05-07,305.622,0
2016-05-08,3981.968,0
2016-05-09,48.81,0
2016-05-10,154.442,0
2016-05-11,191.968,0
2016-05-12,1060.35,0
2016-05-13,238.384,0
2016-05-14,3141.1994999999997,0
2016-05-15,69.908,0
2016-05-16,255.968,0
2016-05-17,47.368,0
2016-05-18,10.86,0
2016-05-20,169.54399999999998,0
2016-05-21,72.332,0
2016-05-22,3862.0980000000004,0
2016-05-23,1304.956,0
2016-05-24,610.3069999999999,0
2016-05-25,1739.4180000000001,0
2016-05-26,982.5640000000001,0
2016-05-28,794.146,0
2016-05-29,1119.786,0
2016-05-30,681.1,0
2016-05-31,5178.138,0
2016-06-01,834.1980000000001,0
2016-06-04,1192.31,0
2016-06-05,1533.1979999999999,0
2016-06-07,59.768,0
2016-06-08,145.504,0
2016-06-09,797.116,0
2016-06-11,3373.5640000000003,0
2016-06-12,174.476,0
2016-06-13,1128.898,0
2016-06-14,51.072,0
2016-06-15,734.144,0
2016-06-16,3443.904,0
2016-06-18,1883.087,0
2016-06-19,446.346,0
2016-06-20,829.544,0
2016-06-21,107.976,0
2016-06-22,2018.953,0
2016-06-23,836.9580000000001,0
2016-06-25,857.08,0
2016-06-26,1592.1960000000001,0
2016-06-28,1126.156,0
2016-06-29,432.92600000000004,0
2016-07-02,1631.902,0
2016-07-03,823.982,0
2016-07-04,1138.288,0
2016-07-05,121.646,0
2016-07-06,1379.812,0
2016-07-08,21.12,0
2016-07-09,1587.114,0
2016-07-10,43.286,0
2016-07-11,1941.952,0
2016-07-12,2052.567,0
2016-07-13,2033.2559999999999,0
2016-07-14,860.9159999999999,0
2016-07-16,3029.386,0
2016-07-17,448.082,0
2016-07-18,525.72,0
2016-07-19,2.025,0
2016-07-20,2693.168,0
2016-07-23,208.272,0
2016-07-24,525.95,0
2016-07-25,2395.024,0
2016-07-26,958.857,0
2016-07-27,29.97,0
2016-07-30,443.802,0
2016-07-31,3712.162,0
2016-08-01,1011.696,0
2016-08-02,1290.478,0
2016-08-05,72.65,0
2016-08-06,494.86920000000003,0
2016-08-07,968.206,0
2016-08-08,760.1120000000001,0
2016-08-09,4878.392000000001,0
2016-08-10,851.4739999999999,0
2016-08-11,196.112,0
2016-08-13,586.896,0
2016-08-15,497.59000000000003,0
2016-08-16,3378.9320000000002,0
2016-08-17,381.64,0
2016-08-21,2827.52,0
2016-08-22,66.632,0
2016-08-23,1202.278,0
2016-08-24,7194.775000000001,0
2016-08-25,178.52599999999998,0
2016-08-27,639.9739999999999,0
2016-08-28,6491.293,0
2016-08-29,246.5,0
2016-08-31,2601.797,0
2016-09-01,2367.564,0
2016-09-03,1874.898,0
2016-09-04,1071.284,0
2016-09-05,934.1030000000001,0
2016-09-06,919.674,0
2016-09-07,2922.667,0
2016-09-08,89.64,0
2016-09-10,1415.726,0
2016-09-11,1962.13,0
2016-09-12,707.824,0
2016-09-13,2109.42,0
2016-09-14,3262.42,0
2016-09-15,2535.85,0
2016-09-16,31.12,0
2016-09-17,11525.006,0
2016-09-18,3924.32,0
2016-09-19,500.38,0
2016-09-20,1836.052,0
2016-09-21,6982.058,0
2016-09-22,1783.504,0
2016-09-24,4180.614,0
2016-09-25,3033.757,0
2016-09-26,3722.273,0
2016-09-27,2382.958,0
2016-09-28,1058.364,0
2016-10-01,1158.414,0
2016-10-02,1269.266,0
2016-10-03,275.218,0
2016-10-04,505.58,0
2016-10-05,851.092,0
2016-10-08,222.12,0
2016-10-09,2133.5350000000003,0
2016-10-10,1855.008,0
2016-10-11,1011.8955,0
2016-10-12,2390.758,0
2016-10-13,371.65999999999997,0
2016-10-15,3219.554,0
2016-10-16,824.97,0
2016-10-17,77.88,0
2016-10-18,378.494,0
2016-10-19,2135.09,0
2016-10-20,720.086,0
2016-10-22,15.128,0
2016-10-23,2262.296,0
2016-10-24,831.145,0
2016-10-25,1425.412,0
2016-10-26,1395.333,0
2016-10-28,104.51,0
2016-10-29,244.24,0
2016-10-30,2122.044,0
2016-10-31,3211.009,0
2016-11-01,3106.1059999999998,0
2016-11-02,5528.551,0
2016-11-03,2800.846,0
2016-11-05,834.874,0
2016-11-06,11.481,0
2016-11-07,3073.073,0
2016-11-08,12196.997,0
2016-11-09,4620.2919999999995,0
2016-11-10,3536.904,0
2016-11-11,542.178,0
2016-11-12,1127.992,0
2016-11-13,2867.9132,0
2016-11-14,2512.71,0
2016-11-15,702.17,0
2016-11-16,4072.334,0
2016-11-17,3885.986,0
2016-11-19,1040.784,0
2016-11-20,2861.15,0
2016-11-21,3613.5748,0
2016-11-22,614.499,0
2016-11-23,3450.1879999999996,0
2016-11-24,1218.7640000000001,0
2016-11-25,13.12,0
2016-11-26,1484.0819999999999,0
2016-11-27,3109.7835,0
2016-11-28,1864.482,0
2016-11-29,2760.168,0
2016-11-30,1798.3970000000002,0
2016-12-01,7130.594,1
2016-12-03,1972.645,1
2016-12-04,5185.814,1
2016-12-05,897.322,1
2016-12-06,6061.502,1
2016-12-07,1338.298,1
2016-12-08,2672.728,1
2016-12-09,34.02,1
2016-12-10,3080.38,1
2016-12-11,1590.894,1
2016-12-12,1448.854,1
2016-12-13,1023.386,1
2016-12-14,488.744,1
2016-12-15,5494.796,1
2016-12-16,4.98,1
2016-12-17,1918.492,1
2016-12-18,935.288,1
2016-12-19,6120.656,1
2016-12-20,1107.464,1
2016-12-21,3257.7599999999998,1
2016-12-22,473.313,1
2016-12-23,194.32,1
2016-12-24,7484.566000000001,1
2016-12-25,4204.968,1
2016-12-26,561.486,1
2016-12-27,5148.4472,1
2016-12-28,79.2,1
2016-12-30,3251.34,1
2016-12-31,1381.344,1
2017-01-02,405.91999999999996,0
2017-01-03,2095.83,0
2017-01-04,1069.22,0
2017-01-05,255.904,0
2017-01-07,83.576,0
2017-01-08,1859.1580000000001,0
2017-01-09,743.0459999999999,0
2017-01-10,174.75,0
2017-01-11,149.444,0
2017-01-14,405.344,0
2017-01-15,701.923,0
2017-01-16,102.21799999999999,0
2017-01-17,1040.55,0
2017-01-21,1167.056,0
2017-01-22,917.63,0
2017-01-23,1732.3,0
2017-01-24,31.36,0
2017-01-25,858.712,0
2017-01-28,39.68,0
2017-01-30,3107.316,0
2017-01-31,1601.5539999999999,0
2017-02-01,161.97,0
2017-02-02,8996.784,0
2017-02-03,866.4,0
2017-02-04,197.868,0
2017-02-05,2994.476,0
2017-02-06,132.224,0
2017-02-07,762.142,0
2017-02-08,1369.476,0
2017-02-09,121.83,0
2017-02-11,69.93,0
2017-02-12,1366.04,0
2017-02-13,146.82,0
2017-02-14,837.921,0
2017-02-15,407.072,0
2017-02-16,1135.638,0
2017-02-19,392.65999999999997,0
2017-02-20,16.496,0
2017-02-21,1524.126,0
2017-02-22,983.17,0
2017-02-23,57.576,0
2017-02-25,46.72,0
2017-02-27,243.892,0
2017-02-28,147.584,0
2017-03-01,6285.8060000000005,0
2017-03-03,7264.422,0
2017-03-04,315.45,0
2017-03-05,162.344,0
2017-03-06,811.303,0
2017-03-07,21.072,0
2017-03-08,2190.81,0
2017-03-09,635.6,0
2017-03-10,7879.734,0
2017-03-11,896.0219999999999,0
2017-03-12,1694.6419999999998,0
2017-03-13,8866.882,0
2017-03-14,669.3679999999999,0
2017-03-15,1805.992,0
2017-03-17,2360.3340000000003,0
2017-03-18,1061.682,0
2017-03-19,138.68,0
2017-03-20,928.311,0
2017-03-21,645.7059999999999,0
2017-03-22,226.46800000000002,0
2017-03-24,745.774,0
2017-03-25,1346.97,0
2017-03-26,682.246,0
2017-03-27,92.69999999999999,0
2017-03-28,125.30000000000001,0
2017-03-29,2659.339,0
2017-03-30,11.34,0
2017-03-31,640.762,0
2017-04-01,2161.48,0
2017-04-02,1454.9,0
2017-04-03,441.198,0
2017-04-04,970.194,0
2017-04-05,1046.3339999999998,0
2017-04-06,1294.75,0
2017-04-07,1900.3020000000001,0
2017-04-08,2906.404,0
2017-04-09,1115.197,0
2017-04-10,950.594,0
2017-04-12,1542.53,0
2017-04-13,6.12,0
2017-04-14,1466.572,0
2017-04-15,2201.8559999999998,0
2017-04-16,9335.086000000001,0
2017-04-17,421.08500000000004,0
2017-04-18,2514.538,0
2017-04-19,1414.132,0
2017-04-21,271.616,0
2017-04-22,1765.4650000000001,0
2017-04-23,720.368,0
2017-04-24,1607.1,0
2017-04-25,108.42,0
2017-04-26,434.646,0
2017-04-28,486.672,0
2017-04-30,142.208,0
2017-05-01,517.866,0
2017-05-02,767.316,0
2017-05-03,1099.013,0
2017-05-05,2701.28,0
2017-05-06,236.96,0
2017-05-07,4835.976,0
2017-05-08,1340.2440000000001,0
2017-05-09,1283.512,0
2017-05-10,763.0200000000001,0
2017-05-11,5.98,0
2017-05-12,918.878,0
2017-05-14,455.93,0
2017-05-15,648.9119999999999,0
2017-05-16,880.4599999999999,0
2017-05-17,346.922,0
2017-05-18,122.22,0
2017-05-19,1582.008,0
2017-05-20,2471.913,0
2017-05-21,2718.2140000000004,0
2017-05-22,1799.2,0
2017-05-23,10560.978000000001,0
2017-05-24,277.756,0
2017-05-25,1311.97,0
2017-05-26,1975.356,0
2017-05-27,5305.078,0
2017-05-28,2137.324,0
2017-05-29,1063.185,0
2017-05-30,8090.578,0
2017-05-31,438.85900000000004,0
2017-06-02,157.844,0
2017-06-04,2316.5229999999997,0
2017-06-05,659.82,0
2017-06-06,5477.352,0
2017-06-07,51.562,0
2017-06-09,1688.4720000000002,0
2017-06-10,1412.3960000000002,0
2017-06-11,1623.416,0
2017-06-12,2962.563,0
2017-06-13,430.43800000000005,0
2017-06-14,3457.099,0
2017-06-15,173.488,0
2017-06-16,147.27499999999998,0
2017-06-17,3000.92,0
2017-06-18,541.938,0
2017-06-19,17.12,0
2017-06-20,1229.548,0
2017-06-21,577.108,0
2017-06-23,2475.094,0
2017-06-24,5310.952,0
2017-06-25,893.266,0
2017-06-26,1919.6000000000001,0
2017-06-27,778.7059999999999,0
2017-06-28,877.156,0
2017-06-29,191.88,0
2017-06-30,1352.9499999999998,0
2017-07-01,1724.376,0
2017-07-02,772.786,0
2017-07-03,847.6999999999999,0
2017-07-04,1651.301,0
2017-07-07,3882.2309999999998,0
2017-07-08,2616.512,0
2017-07-09,573.286,0
2017-07-10,895.895,0
2017-07-12,95.76,0
2017-07-14,2149.96,0
2017-07-15,380.2,0
2017-07-16,910.17,0
2017-07-17,2184.88,0
2017-07-18,2891.858,0
2017-07-19,1536.454,0
2017-07-20,89.95,0
2017-07-21,991.095,0
2017-07-22,1368.048,0
2017-07-23,654.587,0
2017-07-24,326.964,0
2017-07-25,4979.308,0
2017-07-28,2033.374,0
2017-07-29,819.154,0
2017-07-30,1770.7759999999998,0
2017-07-31,2174.1580000000004,0
2017-08-01,1124.648,0
2017-08-02,482.584,0
2017-08-03,248.82,0
2017-08-04,497.90999999999997,0
2017-08-05,197.05,0
2017-08-06,320.38800000000003,0
2017-08-07,179.97,0
2017-08-08,1115.204,0
2017-08-09,661.3539999999999,0
2017-08-11,151.82,0
2017-08-12,3951.9605,0
2017-08-13,731.524,0
2017-08-14,923.688,0
2017-08-15,1680.2659999999998,0
2017-08-16,204.54000000000002,0
2017-08-17,15.712,0
2017-08-18,496.114,0
2017-08-19,448.792,0
2017-08-20,14.78,0
2017-08-21,4225.1179999999995,0
2017-08-22,405.35,0
2017-08-23,4187.348,0
2017-08-26,4874.298,0
2017-08-27,767.9110000000001,0
2017-08-28,322.0248,0
2017-08-29,632.188,0
2017-08-30,1656.8700000000001,0
2017-08-31,23.968,0
2017-09-01,5766.152,0
2017-09-02,6792.193,0
2017-09-03,2365.596,0
2017-09-04,1707.812,0
2017-09-05,5226.348,0
2017-09-06,1313.536,0
2017-09-08,4493.9836000000005,0
2017-09-09,84.992,0
2017-09-10,2094.324,0
2017-09-11,6402.018,0
2017-09-12,2043.792,0
2017-09-13,2374.73,0
2017-09-14,1137.338,0
2017-09-15,2101.1820000000002,0
2017-09-16,425.88599999999997,0
2017-09-17,2043.126,0
2017-09-18,4751.082,0
2017-09-19,3839.312,0
2017-09-20,1232.004,0
2017-09-22,418.062,0
2017-09-23,1322.145,0
2017-09-24,2286.05,0
2017-09-25,2384.003,0
2017-09-26,2698.1665,0
2017-09-27,1992.9858,0
2017-09-28,99.136,0
2017-09-29,1271.5520000000001,0
2017-09-30,525.884,0
2017-10-01,781.414,0
2017-10-02,18452.972,0
2017-10-03,1680.696,0
2017-10-04,5912.782,0
2017-10-06,830.4000000000001,0
2017-10-07,973.712,0
2017-10-08,561.5360000000001,0
2017-10-09,546.92,0
2017-10-10,252.36100000000002,0
2017-10-11,33.064,0
2017-10-13,1650.618,0
2017-10-14,3335.888,0
2017-10-15,1620.15,0
2017-10-16,142.182,0
2017-10-17,2953.346,0
2017-10-18,307.92,0
2017-10-20,946.174,0
2017-10-21,7877.272,0
2017-10-22,188.28,0
2017-10-23,467.42199999999997,0
2017-10-24,1365.498,0
2017-10-25,783.96,0
2017-10-27,978.7900000000001,0
2017-10-28,2899.0209999999997,0
2017-10-29,131.154,0
2017-10-30,159.002,0
2017-10-31,3750.4990000000003,0
2017-11-01,453.374,0
2017-11-03,3802.7960000000003,0
2017-11-04,3888.8179999999998,0
2017-11-05,4266.8988,0
2017-11-06,773.2560000000001,0
2017-11-07,3810.464,0
2017-11-08,993.9000000000001,0
2017-11-09,479.97,0
2017-11-10,4723.478,0
2017-11-11,4944.296,0
2017-11-12,4914.938,0
2017-11-13,2945.138,0
2017-11-14,2774.0620000000004,0
2017-11-15,2145.718,0
2017-11-16,36.72,0
2017-11-17,142.684,0
2017-11-18,3958.9320000000002,0
2017-11-19,638.462,0
2017-11-20,3070.333,0
2017-11-21,1176.891,0
2017-11-22,317.044,0
2017-11-23,100.61599999999999,0
2017-11-24,6394.5380000000005,0
2017-11-25,7978.551,0
2017-11-26,8329.743,0
2017-11-27,1305.769,0
2017-11-28,3428.372,0
2017-11-29,300.592,0
2017-11-30,970.142,0
2017-12-01,7365.455,1
2017-12-02,4684.616,1
2017-12-03,5269.816,1
2017-12-04,944.2860000000001,1
2017-12-05,5138.934,1
2017-12-06,2859.974,1
2017-12-08,4709.095,1
2017-12-09,1855.483,1
2017-12-10,3453.23,1
2017-12-11,6102.25,1
2017-12-12,1874.0449999999998,1
2017-12-13,1194.088,1
2017-12-14,828.654,1
2017-12-15,2637.087,1
2017-12-16,628.5419999999999,1
2017-12-17,12185.134,1
2017-12-18,7051.35,1
2017-12-19,815.1120000000001,1
2017-12-20,134.54,1
2017-12-22,1043.128,1
2017-12-23,6965.857,1
2017-12-24,1938.26,1
2017-12-25,10488.055,1
2017-12-26,1829.418,1
2017-12-27,959.49,1
2017-12-29,1277.68,1
2017-12-30,773.774,1
2017-12-31,731.768,1
2018-01-01,1481.8280000000002,0
2018-01-02,2079.554,0
2018-01-03,2070.272,0
2018-01-06,33.74,0
2018-01-07,3395.59,0
2018-01-08,892.98,0
2018-01-09,274.491,0
2018-01-12,848.52,0
2018-01-13,4619.33,0
2018-01-14,697.338,0
2018-01-15,2140.28,0
2018-01-16,6230.2919999999995,0
2018-01-19,2013.715,0
2018-01-20,767.838,0
2018-01-21,2546.643,0
2018-01-22,4212.372,0
2018-01-23,450.334,0
2018-01-24,418.66599999999994,0
2018-01-26,3055.2799999999997,0
2018-01-27,331.914,0
2018-01-28,1007.52,0
2018-01-29,158.642,0
2018-01-30,3749.335,0
2018-02-02,913.354,0
2018-02-03,922.327,0
2018-02-04,32.67,0
2018-02-05,2263.012,0
2018-02-06,904.354,0
2018-02-09,773.7639999999999,0
2018-02-10,227.103,0
2018-02-11,1241.516,0
2018-02-13,1058.43,0
2018-02-16,1337.442,0
2018-02-17,2964.8174,0
2018-02-18,287.326,0
2018-02-19,1314.59,0
2018-02-20,1150.29,0
2018-02-21,47.904,0
2018-02-23,117.79999999999998,0
2018-02-24,1448.676,0
2018-02-25,430.49199999999996,0
2018-02-26,2467.5099999999998,0
2018-02-28,17.62,0
2018-03-02,1450.126,0
2018-03-03,2000.1039999999998,0
2018-03-04,228.822,0
2018-03-05,1240.02,0
2018-03-06,778.236,0
2018-03-07,166.59,0
2018-03-08,843.1,0
2018-03-09,710.804,0
2018-03-10,1252.952,0
2018-03-11,1973.708,0
2018-03-12,353.28,0
2018-03-13,4791.35,0
2018-03-14,49.616,0
2018-03-16,2014.381,0
2018-03-17,542.746,0
2018-03-18,1027.758,0
2018-03-19,2157.308,0
2018-03-20,899.568,0
2018-03-21,3332.636,0
2018-03-23,14816.068,0
2018-03-24,1257.298,0
2018-03-25,3567.026,0
2018-03-26,3252.88,0
2018-03-27,2933.516,0
2018-03-28,1504.702,0
2018-03-29,81.4,0
2018-03-30,656.407,0
2018-03-31,4981.010799999999,0
2018-04-01,5972.988,0
2018-04-02,822.97,0
2018-04-03,32.528,0
2018-04-04,808.47,0
2018-04-06,114.41999999999999,0
2018-04-07,1971.2905,0
2018-04-08,6401.93,0
2018-04-09,1626.71,0
2018-04-10,755.529,0
2018-04-11,319.806,0
2018-04-12,69.66,0
2018-04-13,1345.8239999999998,0
2018-04-14,652.93,0
2018-04-15,332.338,0
2018-04-16,944.429,0
2018-04-17,3431.4590000000003,0
2018-04-20,1053.614,0
2018-04-21,1254.564,0
2018-04-22,947.692,0
2018-04-23,1199.222,0
2018-04-24,928.558,0
2018-04-25,678.113,0
2018-04-26,61.608000000000004,0
2018-04-27,576.5756,0
2018-04-28,795.296,0
2018-04-29,1053.26,0
2018-04-30,1390.1260000000002,0
2018-05-01,4108.37,0
2018-05-02,399.11,0
2018-05-03,1386.346,0
2018-05-04,1146.2450000000001,0
2018-05-05,185.123,0
2018-05-06,2991.4018,0
2018-05-07,2549.468,0
2018-05-08,3658.5540000000005,0
2018-05-09,1078.222,0
2018-05-11,449.469,0
2018-05-12,970.384,0
2018-05-13,3066.378,0
2018-05-14,4182.062,0
2018-05-15,421.264,0
2018-05-16,221.024,0
2018-05-18,1830.508,0
2018-05-19,4919.182,0
2018-05-20,2997.578,0
2018-05-21,538.02,0
2018-05-22,336.56199999999995,0
2018-05-23,241.436,0
2018-05-25,886.026,0
2018-05-26,270.24,0
2018-05-27,2084.908,0
2018-05-28,1480.103,0
2018-05-29,691.108,0
2018-05-30,736.8904,0
2018-06-01,586.042,0
2018-06-02,135.70600000000002,0
2018-06-03,2952.036,0
2018-06-04,279.414,0
2018-06-05,491.11199999999997,0
2018-06-06,31.349999999999998,0
2018-06-08,2227.038,0
2018-06-09,939.1329999999999,0
2018-06-10,2513.3430000000003,0
2018-06-11,1580.894,0
2018-06-12,1679.968,0
2018-06-13,1156.018,0
2018-06-15,4057.51,0
2018-06-16,2724.194,0
2018-06-17,3896.672,0
2018-06-18,1031.1555,0
2018-06-19,1900.193,0
2018-06-20,1028.228,0
2018-06-21,595.656,0
2018-06-22,579.019,0
2018-06-24,1184.684,0
2018-06-25,1508.3519999999999,0
2018-06-26,4224.136,0
2018-06-27,1644.906,0
2018-06-29,4521.9912,0
2018-06-30,4721.977,0
2018-07-01,639.83,0
2018-07-02,169.192,0
2018-07-03,6963.4039999999995,0
2018-07-05,476.35400000000004,0
2018-07-06,380.37800000000004,0
2018-07-07,1620.25,0
2018-07-08,1980.2640000000001,0
2018-07-09,1671.214,0
2018-07-10,359.21399999999994,0
2018-07-11,1728.892,0
2018-07-12,3.816,0
2018-07-13,504.542,0
2018-07-14,3598.9339999999997,0
2018-07-15,2132.229,0
2018-07-16,74.284,0
2018-07-17,2191.873,0
2018-07-18,2106.794,0
2018-07-20,2283.208,0
2018-07-21,3683.832,0
2018-07-22,556.3140000000001,0
2018-07-23,898.188,0
2018-07-24,2399.96,0
2018-07-25,798.742,0
2018-07-26,2012.3020000000001,0
2018-07-27,947.832,0
2018-07-28,1170.5639999999999,0
2018-07-29,1391.294,0
2018-07-30,523.376,0
2018-07-31,1558.028,0
2018-08-01,2085.65,0
2018-08-03,514.828,0
2018-08-04,20.07,0
2018-08-05,503.676,0
2018-08-06,1424.026,0
2018-08-07,3479.624,0
2018-08-10,1823.0700000000002,0
2018-08-11,708.726,0
2018-08-12,3693.084,0
2018-08-13,2643.164,0
2018-08-14,440.736,0
2018-08-15,1949.872,0
2018-08-16,80.564,0
2018-08-17,9517.287999999999,0
2018-08-18,7078.4839999999995,0
2018-08-19,512.446,0
2018-08-20,692.95,0
2018-08-21,8284.534,0
2018-08-22,524.54,0
2018-08-23,4590.344,0
2018-08-24,685.0560000000002,0
2018-08-25,361.988,0
2018-08-26,190.66,0
2018-08-27,6190.538,0
2018-08-28,1443.6319999999998,0
2018-08-29,235.46800000000002,0
2018-08-31,3162.83,0
2018-09-01,1261.81,0
2018-09-02,8652.334,0
2018-09-03,1595.849,0
2018-09-04,5360.202,0
2018-09-05,327.044,0
2018-09-07,3848.565,0
2018-09-08,2184.327,0
2018-09-09,4356.061,0
2018-09-10,2506.646,0
2018-09-11,5564.006,0
2018-09-12,491.54999999999995,0
2018-09-13,15.92,0
2018-09-14,3471.403,0
2018-09-15,7285.026,0
2018-09-16,831.65,0
2018-09-17,4979.226,0
2018-09-18,1511.93,0
2018-09-19,1648.188,0
2018-09-20,7359.918,0
2018-09-21,338.172,0
2018-09-22,7871.213,0
2018-09-23,2395.786,0
2018-09-24,6450.4619999999995,0
2018-09-25,1412.213,0
2018-09-26,1486.576,0
2018-09-28,559.271,0
2018-09-29,1846.78,0
2018-09-30,540.76,0
2018-10-01,2978.466,0
2018-10-02,5418.022,0
2018-10-03,2504.48,0
2018-10-04,19.98,0
2018-10-05,6684.616,0
2018-10-06,1180.82,0
2018-10-07,2749.21,0
2018-10-08,608.356,0
2018-10-09,1496.589,0
2018-10-10,239.358,0
2018-10-12,5625.394,0
2018-10-13,8405.802,0
2018-10-14,134.332,0
2018-10-15,1017.94,0
2018-10-16,3473.5969999999998,0
2018-10-17,126.352,0
2018-10-19,2781.8702000000003,0
2018-10-20,1333.858,0
2018-10-21,4537.201,0
2018-10-22,15158.877,0
2018-10-23,3352.3940000000002,0
2018-10-24,529.0849999999999,0
2018-10-26,999.868,0
2018-10-27,1086.32,0
2018-10-28,408.726,0
2018-10-29,46.96,0
2018-10-30,4025.7299999999996,0
2018-10-31,523.928,0
2018-11-01,2921.43,0
2018-11-02,6294.386,0
2018-11-03,4536.937,0
2018-11-04,10668.096,0
2018-11-05,2355.064,0
2018-11-06,4288.75,0
2018-11-07,2413.378,0
2018-11-08,384.1,0
2018-11-09,4751.492,0
2018-11-10,4007.5480000000002,0
2018-11-11,1815.2179999999998,0
2018-11-12,2911.386,0
2018-11-13,6633.4202000000005,0
2018-11-14,834.6579999999999,0
2018-11-15,559.2,0
2018-11-16,4755.234,0
2018-11-17,13408.7928,0
2018-11-18,1469.756,0
2018-11-19,7397.272,0
2018-11-20,2988.274,0
2018-11-21,2236.1839999999997,0
2018-11-22,35.712,0
2018-11-23,1153.109,0
2018-11-24,4736.061,0
2018-11-25,3666.157,0
2018-11-26,5048.1720000000005,0
2018-11-27,1618.254,0
2018-11-28,6912.944,0
2018-11-29,491.888,0
2018-11-30,6645.282,0
2018-12-01,5331.178,1
2018-12-02,9951.182,1
2018-12-03,1403.842,1
2018-12-04,2639.638,1
2018-12-05,1453.136,1
2018-12-06,10.68,1
2018-12-07,2916.514,1
2018-12-08,7643.041,1
2018-12-09,5470.39,1
2018-12-10,3873.5589999999997,1
2018-12-11,2025.035,1
2018-12-13,580.936,1
2018-12-14,3897.714,1
2018-12-15,306.88800000000003,1
2018-12-16,858.702,1
2018-12-17,2027.758,1
2018-12-18,3645.911,1
2018-12-19,1895.926,1
2018-12-20,377.736,1
2018-12-21,2140.94,1
2018-12-22,7442.021,1
2018-12-23,1926.776,1
2018-12-24,6233.054,1
2018-12-25,2698.927,1
2018-12-26,814.5939999999999,1
2018-12-27,177.636,1
2018-12-28,1657.3508000000002,1
2018-12-29,2915.534,1
2018-12-30,713.7900000000001,1
